home_team,away_team,bet,country,date,is_correct,season,coef,chance,value
SO Cholet,US Orléans,3,france national,2021-10-08 17:00:00,True,2021-2022,3.0,0.3057587487562435,0.9172762462687305
SO Cholet,US Orléans,0,france national,2021-10-08 17:00:00,False,2021-2022,2.35,0.40277743423223283,0.9465269704457472
SO Cholet,US Orléans,1,france national,2021-10-08 17:00:00,False,2021-2022,3.16,0.2914638170115238,0.9210256617564152
LB Châteauroux,US Concarneau,3,france national,2021-10-08 17:00:00,False,2021-2022,2.1,0.46666506466834823,0.9799966358035314
LB Châteauroux,US Concarneau,0,france national,2021-10-08 17:00:00,True,2021-2022,3.8,0.2288879257059564,0.8697741176826342
LB Châteauroux,US Concarneau,1,france national,2021-10-08 17:00:00,False,2021-2022,2.98,0.3044470096256954,0.9072520886845722
Stade Briochin,FC Villefranche-Beaujolais,3,france national,2021-10-08 17:00:00,False,2021-2022,3.49,0.27728990756002425,0.9677417773844847
Stade Briochin,FC Villefranche-Beaujolais,0,france national,2021-10-08 17:00:00,False,2021-2022,2.25,0.39835904646705206,0.8963078545508671
Stade Briochin,FC Villefranche-Beaujolais,1,france national,2021-10-08 17:00:00,True,2021-2022,2.88,0.3243510459729235,0.9341310124020197
FC Sète 34,Stade Lavallois,3,france national,2021-10-08 17:00:00,False,2021-2022,3.51,0.2665126819234305,0.9354595135512409
FC Sète 34,Stade Lavallois,0,france national,2021-10-08 17:00:00,True,2021-2022,2.2,0.4383875426843512,0.9644525939055727
FC Sète 34,Stade Lavallois,1,france national,2021-10-08 17:00:00,False,2021-2022,2.94,0.2950997753922183,0.8675933396531218
UE Cornellà,Real Madrid Castilla,3,spain primera-rfef,2021-10-08 17:00:00,True,2021-2022,2.82,0.33192600255021726,0.9360313271916126
UE Cornellà,Real Madrid Castilla,0,spain primera-rfef,2021-10-08 17:00:00,False,2021-2022,2.39,0.37232178878234073,0.8898490751897944
UE Cornellà,Real Madrid Castilla,1,spain primera-rfef,2021-10-08 17:00:00,False,2021-2022,3.24,0.295752208667442,0.9582371560825121
US Créteil-Lusitanos,US Boulogne,3,france national,2021-10-08 17:00:00,True,2021-2022,3.03,0.31258031631211924,0.9471183584257212
US Créteil-Lusitanos,US Boulogne,0,france national,2021-10-08 17:00:00,False,2021-2022,2.51,0.374806326919869,0.9407638805688711
US Créteil-Lusitanos,US Boulogne,1,france national,2021-10-08 17:00:00,False,2021-2022,2.86,0.31261335676801183,0.8940742003565137
Le Mans FC,FC Chambly,3,france national,2021-10-08 17:00:00,True,2021-2022,1.89,0.511620305862951,0.9669623780809774
Le Mans FC,FC Chambly,0,france national,2021-10-08 17:00:00,False,2021-2022,4.08,0.19932906610515005,0.8132625897090122
Le Mans FC,FC Chambly,1,france national,2021-10-08 17:00:00,False,2021-2022,3.31,0.28905062803189896,0.9567575787855855
US Avranches,Red Star FC,3,france national,2021-10-08 17:00:00,False,2021-2022,3.04,0.3108323997673246,0.9449304952926667
US Avranches,Red Star FC,0,france national,2021-10-08 17:00:00,True,2021-2022,2.34,0.3997846931318661,0.9354961819285667
US Avranches,Red Star FC,1,france national,2021-10-08 17:00:00,False,2021-2022,3.08,0.2893829071008094,0.891299353870493
Bilbao Athletic,Celta Vigo B,3,spain primera-rfef,2021-10-08 17:00:00,False,2021-2022,2.22,0.42177720603748714,0.9363453974032215
Bilbao Athletic,Celta Vigo B,0,spain primera-rfef,2021-10-08 17:00:00,True,2021-2022,3.04,0.27711850556977446,0.8424402569321143
Bilbao Athletic,Celta Vigo B,1,spain primera-rfef,2021-10-08 17:00:00,False,2021-2022,3.31,0.3011042883927383,0.9966551945799638
Tranmere Rovers,Colchester United,3,england league-two,2021-10-08 18:45:00,True,2021-2022,1.96,0.5129122737568583,1.0053080565634422
Tranmere Rovers,Colchester United,0,england league-two,2021-10-08 18:45:00,False,2021-2022,4.14,0.208842830055678,0.8646093164305069
Tranmere Rovers,Colchester United,1,england league-two,2021-10-08 18:45:00,False,2021-2022,3.23,0.27824489618746373,0.8987310146855079
Real Valladolid CF,Málaga CF,3,spain laliga2,2021-10-08 19:00:00,False,2021-2022,1.69,0.583589504553316,0.9862662626951041
Real Valladolid CF,Málaga CF,0,spain laliga2,2021-10-08 19:00:00,False,2021-2022,5.77,0.16256869765518586,0.9380213854704224
Real Valladolid CF,Málaga CF,1,spain laliga2,2021-10-08 19:00:00,True,2021-2022,3.49,0.2538417977914981,0.8859078742923285
SKA Khabarovsk,Baltika Kaliningrad,3,russia fnl,2021-10-09 05:00:00,False,2021-2022,2.34,0.40303521832829875,0.943102410888219
SKA Khabarovsk,Baltika Kaliningrad,0,russia fnl,2021-10-09 05:00:00,True,2021-2022,3.11,0.2841882497488993,0.8838254567190768
SKA Khabarovsk,Baltika Kaliningrad,1,russia fnl,2021-10-09 05:00:00,False,2021-2022,3.08,0.31277653192280197,0.9633517183222301
Enisey Krasnoyarsk,Rotor Volgograd,3,russia fnl,2021-10-09 10:00:00,False,2021-2022,2.48,0.3680320664610387,0.9127195248233759
Enisey Krasnoyarsk,Rotor Volgograd,0,russia fnl,2021-10-09 10:00:00,False,2021-2022,2.71,0.3219094780652133,0.872374685556728
Enisey Krasnoyarsk,Rotor Volgograd,1,russia fnl,2021-10-09 10:00:00,True,2021-2022,3.34,0.31005845547374805,1.0355952412823184
Forest Green Rovers,Swindon Town,3,england league-two,2021-10-09 11:00:00,False,2021-2022,1.86,0.5211004074626048,0.9692467578804449
Forest Green Rovers,Swindon Town,0,england league-two,2021-10-09 11:00:00,True,2021-2022,4.07,0.20414932397079466,0.8308877485611343
Forest Green Rovers,Swindon Town,1,england league-two,2021-10-09 11:00:00,False,2021-2022,3.64,0.27475026856660056,1.000090977582426
Veles Moscow,FK Krasnodar 2,3,russia fnl,2021-10-09 11:00:00,True,2021-2022,1.82,0.5286827627320367,0.9622026281723068
Veles Moscow,FK Krasnodar 2,0,russia fnl,2021-10-09 11:00:00,False,2021-2022,4.31,0.19402995209022464,0.8362690935088681
Veles Moscow,FK Krasnodar 2,1,russia fnl,2021-10-09 11:00:00,False,2021-2022,3.41,0.2772872851777386,0.9455496424560886
Spartak 2 Moscow ( -2022),Akron Togliatti,3,russia fnl,2021-10-09 12:00:00,False,2021-2022,2.51,0.3698566709056093,0.9283402439730792
Spartak 2 Moscow ( -2022),Akron Togliatti,0,russia fnl,2021-10-09 12:00:00,True,2021-2022,2.81,0.31524171740423473,0.8858292259058996
Spartak 2 Moscow ( -2022),Akron Togliatti,1,russia fnl,2021-10-09 12:00:00,False,2021-2022,3.15,0.3149016116901559,0.9919400768239911
FC Pro Vercelli 1892,Feralpisalò,3,italy serie-c,2021-10-09 12:30:00,False,2021-2022,2.3,0.4071342131470301,0.9364086902381691
FC Pro Vercelli 1892,Feralpisalò,0,italy serie-c,2021-10-09 12:30:00,True,2021-2022,3.08,0.27959929725499555,0.8611658355453863
FC Pro Vercelli 1892,Feralpisalò,1,italy serie-c,2021-10-09 12:30:00,False,2021-2022,3.11,0.3132664895979743,0.9742587826497001
Tekstilshchik Ivanovo,Tom Tomsk,3,russia fnl,2021-10-09 13:00:00,False,2021-2022,3.02,0.3138177681926908,0.9477296599419263
Tekstilshchik Ivanovo,Tom Tomsk,0,russia fnl,2021-10-09 13:00:00,False,2021-2022,2.38,0.38376497116201175,0.9133606313655879
Tekstilshchik Ivanovo,Tom Tomsk,1,russia fnl,2021-10-09 13:00:00,True,2021-2022,3.12,0.3024172606452974,0.9435418532133278
Sheffield Wednesday,Bolton Wanderers,3,england league-one,2021-10-09 14:00:00,True,2021-2022,2.35,0.384347497876683,0.9032166200102051
Sheffield Wednesday,Bolton Wanderers,0,england league-one,2021-10-09 14:00:00,False,2021-2022,3.03,0.2993644483398198,0.9070742784696539
Sheffield Wednesday,Bolton Wanderers,1,england league-one,2021-10-09 14:00:00,False,2021-2022,3.39,0.31628805378349717,1.0722165023260555
Havant and Waterlooville FC,Concord Rangers,3,england national-league-n/s,2021-10-09 14:00:00,True,2021-2022,1.53,0.6114885437169183,0.935577471886885
Havant and Waterlooville FC,Concord Rangers,0,england national-league-n/s,2021-10-09 14:00:00,False,2021-2022,5.28,0.1701530451374492,0.8984080783257318
Havant and Waterlooville FC,Concord Rangers,1,england national-league-n/s,2021-10-09 14:00:00,False,2021-2022,4.3,0.21835841114563256,0.93894116792622
Dartford FC,Hungerford Town,3,england national-league-n/s,2021-10-09 14:00:00,True,2021-2022,1.45,0.6568608401803494,0.9524482182615066
Dartford FC,Hungerford Town,0,england national-league-n/s,2021-10-09 14:00:00,False,2021-2022,6.08,0.1438326141487167,0.8745022940241975
Dartford FC,Hungerford Town,1,england national-league-n/s,2021-10-09 14:00:00,False,2021-2022,4.51,0.1993065456709338,0.8988725209759114
Ipswich Town,Shrewsbury Town,3,england league-one,2021-10-09 14:00:00,True,2021-2022,1.87,0.5265342061893604,0.984618965574104
Ipswich Town,Shrewsbury Town,0,england league-one,2021-10-09 14:00:00,False,2021-2022,4.56,0.19665843738075486,0.8967624744562421
Ipswich Town,Shrewsbury Town,1,england league-one,2021-10-09 14:00:00,False,2021-2022,3.37,0.27680735642988474,0.9328407911687117
Wycombe Wanderers,Gillingham FC,3,england league-one,2021-10-09 14:00:00,True,2021-2022,1.54,0.5850063656073473,0.9009098030353149
Wycombe Wanderers,Gillingham FC,0,england league-one,2021-10-09 14:00:00,False,2021-2022,5.92,0.16719338771186187,0.9897848552542223
Wycombe Wanderers,Gillingham FC,1,england league-one,2021-10-09 14:00:00,False,2021-2022,4.25,0.2478002466807908,1.0531510483933608
Woking FC,Grimsby Town,3,england national-league,2021-10-09 14:00:00,False,2021-2022,2.65,0.32660348403298745,0.8654992326874167
Woking FC,Grimsby Town,0,england national-league,2021-10-09 14:00:00,True,2021-2022,2.54,0.3850630557444187,0.9780601615908234
Woking FC,Grimsby Town,1,england national-league,2021-10-09 14:00:00,False,2021-2022,3.48,0.2883334602225939,1.0034004415746267
Darlington FC,Hereford FC,3,england national-league-n/s,2021-10-09 14:00:00,True,2021-2022,2.17,0.4235913950801184,0.9191933273238568
Darlington FC,Hereford FC,0,england national-league-n/s,2021-10-09 14:00:00,False,2021-2022,3.07,0.3021244666384741,0.9275221125801154
Darlington FC,Hereford FC,1,england national-league-n/s,2021-10-09 14:00:00,False,2021-2022,3.5,0.2742841382814076,0.9599944839849265
Altrincham FC,Maidenhead United,3,england national-league,2021-10-09 14:00:00,True,2021-2022,1.89,0.5064650291316466,0.957218905058812
Altrincham FC,Maidenhead United,0,england national-league,2021-10-09 14:00:00,False,2021-2022,3.88,0.22762106440914776,0.8831697299074933
Altrincham FC,Maidenhead United,1,england national-league,2021-10-09 14:00:00,False,2021-2022,3.65,0.2659139064592057,0.9705857585761009
Kidsgrove,Evesham,3,england fa-trophy,2021-10-09 14:00:00,True,2021-2022,1.73,0.5427919618707435,0.9390300940363863
Kidsgrove,Evesham,0,england fa-trophy,2021-10-09 14:00:00,False,2021-2022,4.17,0.24831716297363773,1.0354825696000693
Kidsgrove,Evesham,1,england fa-trophy,2021-10-09 14:00:00,False,2021-2022,3.86,0.20889087515561874,0.8063187781006883
Newport County,Bradford City,3,england league-two,2021-10-09 14:00:00,False,2021-2022,2.46,0.3910495307155784,0.9619818455603228
Newport County,Bradford City,0,england league-two,2021-10-09 14:00:00,False,2021-2022,2.91,0.303629390442135,0.8835615261866129
Newport County,Bradford City,1,england league-two,2021-10-09 14:00:00,True,2021-2022,3.24,0.30532107884228654,0.9892402954490085
Stockport County,Aldershot Town,3,england national-league,2021-10-09 14:00:00,True,2021-2022,1.78,0.5580854772982572,0.9933921495908978
Stockport County,Aldershot Town,0,england national-league,2021-10-09 14:00:00,False,2021-2022,4.35,0.19305991412960338,0.8398106264637747
Stockport County,Aldershot Town,1,england national-league,2021-10-09 14:00:00,False,2021-2022,3.75,0.24885460857213942,0.9332047821455228
Daventry,Ilkeston,3,england fa-trophy,2021-10-09 14:00:00,False,2021-2022,15.0,0.2020916786019726,3.031375179029589
Daventry,Ilkeston,0,england fa-trophy,2021-10-09 14:00:00,False,2021-2022,1.12,0.6360229281479225,0.7123456795256733
Daventry,Ilkeston,1,england fa-trophy,2021-10-09 14:00:00,True,2021-2022,8.25,0.16188539325010493,1.3355544943133657
Plymouth Argyle,Burton Albion,3,england league-one,2021-10-09 14:00:00,True,2021-2022,2.12,0.4651321970993494,0.9860802578506207
Plymouth Argyle,Burton Albion,0,england league-one,2021-10-09 14:00:00,False,2021-2022,3.37,0.23880846667602626,0.8047845326982085
Plymouth Argyle,Burton Albion,1,england league-one,2021-10-09 14:00:00,False,2021-2022,3.53,0.2960593362246244,1.045089456872924
AC Reggiana 1919,Olbia Calcio 1905,3,italy serie-c,2021-10-09 14:00:00,True,2021-2022,1.62,0.5874462566726273,0.9516629358096562
AC Reggiana 1919,Olbia Calcio 1905,0,italy serie-c,2021-10-09 14:00:00,False,2021-2022,4.94,0.15400798443199934,0.7607994430940768
AC Reggiana 1919,Olbia Calcio 1905,1,italy serie-c,2021-10-09 14:00:00,False,2021-2022,3.83,0.25854575889537335,0.9902302565692799
Harlow,Phoenix,3,england fa-trophy,2021-10-09 14:00:00,True,2021-2022,1.49,0.5985592552849903,0.8918532903746356
Harlow,Phoenix,0,england fa-trophy,2021-10-09 14:00:00,False,2021-2022,5.48,0.21230862568085143,1.1634512687310659
Harlow,Phoenix,1,england fa-trophy,2021-10-09 14:00:00,False,2021-2022,4.48,0.1891321190341582,0.8473118932730288
Dover Athletic,Barnet FC,3,england national-league,2021-10-09 14:00:00,False,2021-2022,3.19,0.2726293010297893,0.8696874702850278
Dover Athletic,Barnet FC,0,england national-league,2021-10-09 14:00:00,True,2021-2022,2.18,0.4566605023210342,0.9955198950598547
Dover Athletic,Barnet FC,1,england national-league,2021-10-09 14:00:00,False,2021-2022,3.55,0.27071019664917667,0.9610211981045771
Braintree Town,St Albans City,3,england national-league-n/s,2021-10-09 14:00:00,False,2021-2022,3.23,0.2707661441975701,0.8745746457581515
Braintree Town,St Albans City,0,england national-league-n/s,2021-10-09 14:00:00,True,2021-2022,2.04,0.47779101315876926,0.9746936668438894
Braintree Town,St Albans City,1,england national-league-n/s,2021-10-09 14:00:00,False,2021-2022,3.64,0.2514428426436606,0.9152519472229247
Maidstone United,Eastbourne Borough,3,england national-league-n/s,2021-10-09 14:00:00,False,2021-2022,1.57,0.608328348124534,0.9550755065555183
Maidstone United,Eastbourne Borough,0,england national-league-n/s,2021-10-09 14:00:00,True,2021-2022,4.71,0.17587374707688846,0.8283653487321446
Maidstone United,Eastbourne Borough,1,england national-league-n/s,2021-10-09 14:00:00,False,2021-2022,4.47,0.2157979047985775,0.9646166344496413
Kidderminster Harriers,Brackley Town,3,england national-league-n/s,2021-10-09 14:00:00,False,2021-2022,2.27,0.39884363031956366,0.9053750408254095
Kidderminster Harriers,Brackley Town,0,england national-league-n/s,2021-10-09 14:00:00,True,2021-2022,3.04,0.30853983182791256,0.9379610887568541
Kidderminster Harriers,Brackley Town,1,england national-league-n/s,2021-10-09 14:00:00,False,2021-2022,3.31,0.29261653785252373,0.9685607402918536
Wealdstone FC,Eastleigh FC,3,england national-league,2021-10-09 14:00:00,False,2021-2022,3.32,0.27445396170145314,0.9111871528488243
Wealdstone FC,Eastleigh FC,0,england national-league,2021-10-09 14:00:00,True,2021-2022,2.14,0.4402882165469268,0.9422167834104234
Wealdstone FC,Eastleigh FC,1,england national-league,2021-10-09 14:00:00,False,2021-2022,3.46,0.2852578217516201,0.9869920632606056
CD Lugo,Girona FC,3,spain laliga2,2021-10-09 14:00:00,True,2021-2022,3.06,0.29283330281646053,0.8960699066183693
CD Lugo,Girona FC,0,spain laliga2,2021-10-09 14:00:00,False,2021-2022,2.52,0.39604927147460117,0.998044164115995
CD Lugo,Girona FC,1,spain laliga2,2021-10-09 14:00:00,False,2021-2022,3.05,0.3111174257089382,0.9489081484122615
Harrogate Town,Scunthorpe United,3,england league-two,2021-10-09 14:00:00,True,2021-2022,1.58,0.5970831302958574,0.9433913458674547
Harrogate Town,Scunthorpe United,0,england league-two,2021-10-09 14:00:00,False,2021-2022,5.94,0.1595085914795953,0.9474810333887962
Harrogate Town,Scunthorpe United,1,england league-two,2021-10-09 14:00:00,False,2021-2022,3.95,0.24340827822454722,0.9614626989869616
Sutton United,Port Vale FC,3,england league-two,2021-10-09 14:00:00,True,2021-2022,2.54,0.38722021553988123,0.9835393474712983
Sutton United,Port Vale FC,0,england league-two,2021-10-09 14:00:00,False,2021-2022,2.88,0.31075825470873275,0.8949837735611503
Sutton United,Port Vale FC,1,england league-two,2021-10-09 14:00:00,False,2021-2022,3.16,0.30202152975138596,0.9543880340143797
Coleshill,Newcastle Town,3,england fa-trophy,2021-10-09 14:00:00,False,2021-2022,1.82,0.5334951355664738,0.9709611467309823
Coleshill,Newcastle Town,0,england fa-trophy,2021-10-09 14:00:00,True,2021-2022,3.76,0.25897718315558527,0.9737542086650005
Coleshill,Newcastle Town,1,england fa-trophy,2021-10-09 14:00:00,False,2021-2022,3.87,0.20752768127794097,0.8031321265456316
Walsall FC,Salford City,3,england league-two,2021-10-09 14:00:00,True,2021-2022,3.18,0.2943471884748523,0.9360240593500304
Walsall FC,Salford City,0,england league-two,2021-10-09 14:00:00,False,2021-2022,2.37,0.4013537892823252,0.9512084805991107
Walsall FC,Salford City,1,england league-two,2021-10-09 14:00:00,False,2021-2022,3.14,0.3042990222428225,0.9554989298424628
Kuban Krasnodar,Neftekhimik Nizhnekamsk,3,russia fnl,2021-10-09 14:00:00,False,2021-2022,3.49,0.2743094910084337,0.9573401236194338
Kuban Krasnodar,Neftekhimik Nizhnekamsk,0,russia fnl,2021-10-09 14:00:00,True,2021-2022,2.07,0.423243593203779,0.8761142379318225
Kuban Krasnodar,Neftekhimik Nizhnekamsk,1,russia fnl,2021-10-09 14:00:00,False,2021-2022,3.31,0.3024469157877872,1.0010992912575756
CD Mirandés,SD Eibar,3,spain laliga2,2021-10-09 14:00:00,False,2021-2022,3.67,0.24109930663064474,0.8848344553344661
CD Mirandés,SD Eibar,0,spain laliga2,2021-10-09 14:00:00,False,2021-2022,2.08,0.47687746873704356,0.9919051349730507
CD Mirandés,SD Eibar,1,spain laliga2,2021-10-09 14:00:00,True,2021-2022,3.34,0.2820232246323118,0.9419575702719213
Stevenage FC,Exeter City,3,england league-two,2021-10-09 14:00:00,False,2021-2022,2.61,0.3605082932857051,0.9409266454756903
Stevenage FC,Exeter City,0,england league-two,2021-10-09 14:00:00,False,2021-2022,2.76,0.32351345377715723,0.8928971324249539
Stevenage FC,Exeter City,1,england league-two,2021-10-09 14:00:00,True,2021-2022,3.2,0.31597825293713766,1.0111304093988405
Barrow AFC,Leyton Orient,3,england league-two,2021-10-09 14:00:00,False,2021-2022,2.54,0.367318252593816,0.9329883615882927
Barrow AFC,Leyton Orient,0,england league-two,2021-10-09 14:00:00,False,2021-2022,2.85,0.31387040772167074,0.8945306620067617
Barrow AFC,Leyton Orient,1,england league-two,2021-10-09 14:00:00,True,2021-2022,3.22,0.3188113396845133,1.0265725137841328
Yeovil Town,Notts County,3,england national-league,2021-10-09 14:00:00,False,2021-2022,3.16,0.2954659733219751,0.9336724756974414
Yeovil Town,Notts County,0,england national-league,2021-10-09 14:00:00,True,2021-2022,2.2,0.41636813156740465,0.9160098894482903
Yeovil Town,Notts County,1,england national-league,2021-10-09 14:00:00,False,2021-2022,3.5,0.28816589511062013,1.0085806328871705
Rochdale AFC,Crawley Town,3,england league-two,2021-10-09 14:00:00,False,2021-2022,1.71,0.5449904141501406,0.9319336081967404
Rochdale AFC,Crawley Town,0,england league-two,2021-10-09 14:00:00,True,2021-2022,4.72,0.19032531205875247,0.8983354729173116
Rochdale AFC,Crawley Town,1,england league-two,2021-10-09 14:00:00,False,2021-2022,3.84,0.26468427379110687,1.0163876113578503
Mansfield Town,Oldham Athletic,3,england league-two,2021-10-09 14:00:00,False,2021-2022,1.96,0.4877857075398815,0.9560599867781677
Mansfield Town,Oldham Athletic,0,england league-two,2021-10-09 14:00:00,False,2021-2022,3.72,0.2312444964553666,0.8602295268139638
Mansfield Town,Oldham Athletic,1,england league-two,2021-10-09 14:00:00,True,2021-2022,3.59,0.2809697960047518,1.0086815676570589
Hartlepool United,Northampton Town,3,england league-two,2021-10-09 14:00:00,True,2021-2022,2.38,0.3867352825345988,0.9204299724323451
Hartlepool United,Northampton Town,0,england league-two,2021-10-09 14:00:00,False,2021-2022,3.17,0.2871556117479071,0.9102832892408655
Hartlepool United,Northampton Town,1,england league-two,2021-10-09 14:00:00,False,2021-2022,3.12,0.326109105717494,1.0174604098385813
Bristol Rovers,Carlisle United,3,england league-two,2021-10-09 14:00:00,True,2021-2022,2.55,0.35617102499683284,0.9082361137419237
Bristol Rovers,Carlisle United,0,england league-two,2021-10-09 14:00:00,False,2021-2022,2.85,0.32895454928200224,0.9375204654537064
Bristol Rovers,Carlisle United,1,england league-two,2021-10-09 14:00:00,False,2021-2022,3.18,0.314874425721165,1.0013006737933046
Hampton and Richmond Borough,Chelmsford City,3,england national-league-n/s,2021-10-09 14:00:00,True,2021-2022,1.84,0.5401018063681573,0.9937873237174095
Hampton and Richmond Borough,Chelmsford City,0,england national-league-n/s,2021-10-09 14:00:00,False,2021-2022,3.93,0.2170897730145658,0.8531628079472436
Hampton and Richmond Borough,Chelmsford City,1,england national-league-n/s,2021-10-09 14:00:00,False,2021-2022,3.63,0.24280842061727692,0.8813945668407152
Boreham Wood FC,Dagenham and Redbridge FC,3,england national-league,2021-10-09 14:00:00,True,2021-2022,2.76,0.33503648849572903,0.924700708248212
Boreham Wood FC,Dagenham and Redbridge FC,0,england national-league,2021-10-09 14:00:00,False,2021-2022,2.5,0.3568183249728172,0.892045812432043
Boreham Wood FC,Dagenham and Redbridge FC,1,england national-league,2021-10-09 14:00:00,False,2021-2022,3.33,0.30814518653145373,1.026123471149741
King’s Lynn Town,Solihull Moors,3,england national-league,2021-10-09 14:00:00,False,2021-2022,3.24,0.2591257636806284,0.839567474325236
King’s Lynn Town,Solihull Moors,0,england national-league,2021-10-09 14:00:00,True,2021-2022,2.11,0.473632954767937,0.9993655345603469
King’s Lynn Town,Solihull Moors,1,england national-league,2021-10-09 14:00:00,False,2021-2022,3.64,0.2672412815514345,0.9727582648472216
FC Halifax Town,Weymouth FC,3,england national-league,2021-10-09 14:00:00,True,2021-2022,1.54,0.627913980511533,0.9669875299877608
FC Halifax Town,Weymouth FC,0,england national-league,2021-10-09 14:00:00,False,2021-2022,5.41,0.1481777251704846,0.8016414931723218
FC Halifax Town,Weymouth FC,1,england national-league,2021-10-09 14:00:00,False,2021-2022,4.4,0.2239082943179824,0.9851964949991227
Southend United,Chesterfield FC,3,england national-league,2021-10-09 14:00:00,False,2021-2022,3.5,0.2506823462454399,0.8773882118590396
Southend United,Chesterfield FC,0,england national-league,2021-10-09 14:00:00,True,2021-2022,2.14,0.46257695367313617,0.9899146808605115
Southend United,Chesterfield FC,1,england national-league,2021-10-09 14:00:00,False,2021-2022,3.31,0.28674070008142394,0.9491117172695133
Alfreton Town,AFC Fylde,3,england national-league-n/s,2021-10-09 14:00:00,False,2021-2022,3.59,0.2363292634258738,0.8484220556988868
Alfreton Town,AFC Fylde,0,england national-league-n/s,2021-10-09 14:00:00,False,2021-2022,1.9,0.5176733658726964,0.9835793951581231
Alfreton Town,AFC Fylde,1,england national-league-n/s,2021-10-09 14:00:00,True,2021-2022,3.7,0.24599737070142977,0.9101902715952902
Gateshead FC,Boston United,3,england national-league-n/s,2021-10-09 14:00:00,True,2021-2022,2.24,0.4192648720431041,0.9391533133765533
Gateshead FC,Boston United,0,england national-league-n/s,2021-10-09 14:00:00,False,2021-2022,2.96,0.3059384959605744,0.9055779480433002
Gateshead FC,Boston United,1,england national-league-n/s,2021-10-09 14:00:00,False,2021-2022,3.45,0.2747966319963216,0.9480483803873095
Kettering Town,Chester FC,3,england national-league-n/s,2021-10-09 14:00:00,False,2021-2022,1.71,0.5460596147956407,0.9337619413005456
Kettering Town,Chester FC,0,england national-league-n/s,2021-10-09 14:00:00,False,2021-2022,4.19,0.2042843930644879,0.8559516069402043
Kettering Town,Chester FC,1,england national-league-n/s,2021-10-09 14:00:00,True,2021-2022,4.0,0.2496559921398714,0.9986239685594857
Torpedo Moscow,KamAZ Naberezhnye Chelny,3,russia fnl,2021-10-09 14:00:00,False,2021-2022,1.48,0.6334150554377523,0.9374542820478734
Torpedo Moscow,KamAZ Naberezhnye Chelny,0,russia fnl,2021-10-09 14:00:00,False,2021-2022,6.49,0.14049255090429782,0.9117966553688929
Torpedo Moscow,KamAZ Naberezhnye Chelny,1,russia fnl,2021-10-09 14:00:00,True,2021-2022,4.11,0.2260923936579499,0.9292397379341741
Bromley FC,Torquay United,3,england national-league,2021-10-09 14:00:00,True,2021-2022,2.06,0.47919664175271043,0.9871450820105835
Bromley FC,Torquay United,0,england national-league,2021-10-09 14:00:00,False,2021-2022,3.27,0.2569157723701721,0.8401145756504628
Bromley FC,Torquay United,1,england national-league,2021-10-09 14:00:00,False,2021-2022,3.78,0.2638875858771176,0.9974950746155044
Alania Vladikavkaz,FK Orenburg,3,russia fnl,2021-10-09 14:00:00,True,2021-2022,2.05,0.45483363353704825,0.9324089487509488
Alania Vladikavkaz,FK Orenburg,0,russia fnl,2021-10-09 14:00:00,False,2021-2022,3.44,0.25089283216037056,0.8630713426316747
Alania Vladikavkaz,FK Orenburg,1,russia fnl,2021-10-09 14:00:00,False,2021-2022,3.44,0.29427353430258113,1.012300958000879
York City,Southport FC,3,england national-league-n/s,2021-10-09 14:00:00,True,2021-2022,1.68,0.5622358187059946,0.9445561754260708
York City,Southport FC,0,england national-league-n/s,2021-10-09 14:00:00,False,2021-2022,4.55,0.19724878119602293,0.8974819544419043
York City,Southport FC,1,england national-league-n/s,2021-10-09 14:00:00,False,2021-2022,3.86,0.24051540009798247,0.9283894443782124
San Fernando CD,Real Balompédica Linense,3,spain primera-rfef,2021-10-09 15:00:00,False,2021-2022,2.34,0.39364925487674857,0.9211392564115916
San Fernando CD,Real Balompédica Linense,0,spain primera-rfef,2021-10-09 15:00:00,False,2021-2022,3.02,0.2892830461060861,0.8736347992403799
San Fernando CD,Real Balompédica Linense,1,spain primera-rfef,2021-10-09 15:00:00,True,2021-2022,3.11,0.3170676990171654,0.9860805439433844
ACR Messina,Monterosi Tuscia FC,3,italy serie-c,2021-10-09 15:00:00,False,2021-2022,2.09,0.44849137308778797,0.9373469697534768
ACR Messina,Monterosi Tuscia FC,0,italy serie-c,2021-10-09 15:00:00,True,2021-2022,3.63,0.235816433003928,0.8560136518042586
ACR Messina,Monterosi Tuscia FC,1,italy serie-c,2021-10-09 15:00:00,False,2021-2022,3.05,0.31569219390828396,0.962861191420266
Real Unión Club,Deportivo de La Coruña,3,spain primera-rfef,2021-10-09 15:00:00,True,2021-2022,4.23,0.2510795381710331,1.0620664464634701
Real Unión Club,Deportivo de La Coruña,0,spain primera-rfef,2021-10-09 15:00:00,False,2021-2022,1.91,0.4586144804399046,0.8759536576402177
Real Unión Club,Deportivo de La Coruña,1,spain primera-rfef,2021-10-09 15:00:00,False,2021-2022,3.1,0.2903059813890621,0.8999485423060926
Racing Santander,CD Calahorra,3,spain primera-rfef,2021-10-09 15:00:00,True,2021-2022,1.5,0.5950592683212916,0.8925889024819375
Racing Santander,CD Calahorra,0,spain primera-rfef,2021-10-09 15:00:00,False,2021-2022,6.49,0.15468635051245008,1.003914414825801
Racing Santander,CD Calahorra,1,spain primera-rfef,2021-10-09 15:00:00,False,2021-2022,3.84,0.25025438116625837,0.9609768236784321
Aquila Montevarchi 1902,Modena FC,3,italy serie-c,2021-10-09 15:30:00,True,2021-2022,3.54,0.25653890193056444,0.9081477128341982
Aquila Montevarchi 1902,Modena FC,0,italy serie-c,2021-10-09 15:30:00,False,2021-2022,2.09,0.4500293246897763,0.9405612886016324
Aquila Montevarchi 1902,Modena FC,1,italy serie-c,2021-10-09 15:30:00,False,2021-2022,3.14,0.29343177337965926,0.9213757684121301
AS Gubbio 1910,US Città di Pontedera,3,italy serie-c,2021-10-09 15:30:00,True,2021-2022,2.38,0.381918277668896,0.9089655008519725
AS Gubbio 1910,US Città di Pontedera,0,italy serie-c,2021-10-09 15:30:00,False,2021-2022,3.06,0.2856973971746585,0.874234035354455
AS Gubbio 1910,US Città di Pontedera,1,italy serie-c,2021-10-09 15:30:00,False,2021-2022,3.02,0.33238432515644556,1.0038006619724655
US Lecce,Calcio Padova,3,italy serie-c,2021-10-09 15:30:00,True,2021-2022,3.6,0.26826616494771216,0.9657581938117638
US Lecce,Calcio Padova,0,italy serie-c,2021-10-09 15:30:00,False,2021-2022,2.04,0.44478109682770633,0.9073534375285209
US Lecce,Calcio Padova,1,italy serie-c,2021-10-09 15:30:00,False,2021-2022,3.18,0.2869527382245815,0.9125097075541693
US Avellino 1912,Virtus Francavilla Calcio,3,italy serie-c,2021-10-09 15:30:00,True,2021-2022,1.66,0.564225624217898,0.9366145362017106
US Avellino 1912,Virtus Francavilla Calcio,0,italy serie-c,2021-10-09 15:30:00,False,2021-2022,4.94,0.17204963309156893,0.8499251874723506
US Avellino 1912,Virtus Francavilla Calcio,1,italy serie-c,2021-10-09 15:30:00,False,2021-2022,3.59,0.263724742690533,0.9467718262590133
US Pistoiese 1921,SS Teramo Calcio,3,italy serie-c,2021-10-09 15:30:00,False,2021-2022,2.42,0.36628267597901576,0.8864040758692181
US Pistoiese 1921,SS Teramo Calcio,0,italy serie-c,2021-10-09 15:30:00,True,2021-2022,3.01,0.3033077944849679,0.9129564613997534
US Pistoiese 1921,SS Teramo Calcio,1,italy serie-c,2021-10-09 15:30:00,False,2021-2022,2.99,0.33040952953601627,0.9879244933126887
Fermana FC,ACN Siena 1904,3,italy serie-c,2021-10-09 15:30:00,False,2021-2022,2.82,0.32469576987910503,0.9156420710590761
Fermana FC,ACN Siena 1904,0,italy serie-c,2021-10-09 15:30:00,False,2021-2022,2.51,0.35253400834988236,0.8848603609582046
Fermana FC,ACN Siena 1904,1,italy serie-c,2021-10-09 15:30:00,True,2021-2022,3.04,0.32277022177101256,0.9812214741838782
UD Almería,UD Las Palmas,3,spain laliga2,2021-10-09 16:15:00,False,2021-2022,1.64,0.5612519773571046,0.9204532428656516
UD Almería,UD Las Palmas,0,spain laliga2,2021-10-09 16:15:00,False,2021-2022,5.45,0.17655747632867624,0.9622382459912856
UD Almería,UD Las Palmas,1,spain laliga2,2021-10-09 16:15:00,True,2021-2022,3.86,0.2621905463142192,1.012055508772886
Extremadura UD (-2022),Real Valladolid B,3,spain primera-rfef,2021-10-09 17:00:00,True,2021-2022,2.08,0.4840160339551711,1.0067533506267559
Extremadura UD (-2022),Real Valladolid B,0,spain primera-rfef,2021-10-09 17:00:00,False,2021-2022,3.62,0.22215886457396583,0.8042150897577564
Extremadura UD (-2022),Real Valladolid B,1,spain primera-rfef,2021-10-09 17:00:00,False,2021-2022,3.1,0.2938251014708631,0.9108578145596756
UCAM Murcia CF,CD Castellón,3,spain primera-rfef,2021-10-09 17:00:00,False,2021-2022,2.5,0.37032568417872386,0.9258142104468097
UCAM Murcia CF,CD Castellón,0,spain primera-rfef,2021-10-09 17:00:00,True,2021-2022,2.96,0.29788441066010957,0.8817378555539243
UCAM Murcia CF,CD Castellón,1,spain primera-rfef,2021-10-09 17:00:00,False,2021-2022,2.92,0.3317899051611667,0.9688265230706067
Gimnàstic de Tarragona,CE Sabadell,3,spain primera-rfef,2021-10-09 17:00:00,True,2021-2022,2.44,0.36904331910465243,0.900465698615352
Gimnàstic de Tarragona,CE Sabadell,0,spain primera-rfef,2021-10-09 17:00:00,False,2021-2022,2.98,0.2847098381222659,0.8484353176043524
Gimnàstic de Tarragona,CE Sabadell,1,spain primera-rfef,2021-10-09 17:00:00,False,2021-2022,2.98,0.3462468427730816,1.0318155914637832
Cultural Leonesa,CF Talavera de la Reina,3,spain primera-rfef,2021-10-09 19:00:00,False,2021-2022,1.93,0.5069640244818074,0.9784405672498884
Cultural Leonesa,CF Talavera de la Reina,0,spain primera-rfef,2021-10-09 19:00:00,True,2021-2022,3.74,0.20213638579110416,0.7559900828587296
Cultural Leonesa,CF Talavera de la Reina,1,spain primera-rfef,2021-10-09 19:00:00,False,2021-2022,3.39,0.29089958972708846,0.98614960917483
Real Oviedo,Sporting Gijón,3,spain laliga2,2021-10-09 19:00:00,False,2021-2022,2.42,0.3936584726029025,0.952653503699024
Real Oviedo,Sporting Gijón,0,spain laliga2,2021-10-09 19:00:00,False,2021-2022,3.37,0.26379876050401685,0.8890018228985368
Real Oviedo,Sporting Gijón,1,spain laliga2,2021-10-09 19:00:00,True,2021-2022,2.91,0.34254276689308066,0.9967994516588647
Albacete Balompié,Betis Deportivo Balompié,3,spain primera-rfef,2021-10-09 19:00:00,False,2021-2022,1.62,0.6015495083460288,0.9745102035205667
Albacete Balompié,Betis Deportivo Balompié,0,spain primera-rfef,2021-10-09 19:00:00,False,2021-2022,5.25,0.1498932272967119,0.7869394433077375
Albacete Balompié,Betis Deportivo Balompié,1,spain primera-rfef,2021-10-09 19:00:00,True,2021-2022,3.71,0.24855726435725928,0.9221474507654319
Algeciras CF,CF Badalona,3,spain primera-rfef,2021-10-10 10:00:00,True,2021-2022,2.02,0.4656558762509618,0.9406248700269428
Algeciras CF,CF Badalona,0,spain primera-rfef,2021-10-10 10:00:00,False,2021-2022,3.84,0.21347797720374148,0.8197554324623673
Algeciras CF,CF Badalona,1,spain primera-rfef,2021-10-10 10:00:00,False,2021-2022,3.07,0.3208661465452968,0.9850590698940612
Algeciras CF,UE Costa Brava,3,spain primera-rfef,2021-10-10 10:00:00,True,2021-2022,2.02,0.47424662983733074,0.9579781922714081
Algeciras CF,UE Costa Brava,0,spain primera-rfef,2021-10-10 10:00:00,False,2021-2022,3.84,0.2135911392607216,0.820189974761171
Algeciras CF,UE Costa Brava,1,spain primera-rfef,2021-10-10 10:00:00,False,2021-2022,3.07,0.31216223090194767,0.9583380488689793
Unionistas CF,CD Tudelano,3,spain primera-rfef,2021-10-10 10:00:00,True,2021-2022,1.79,0.521598917658275,0.9336620626083123
Unionistas CF,CD Tudelano,0,spain primera-rfef,2021-10-10 10:00:00,False,2021-2022,4.67,0.18187837115439917,0.8493719932910441
Unionistas CF,CD Tudelano,1,spain primera-rfef,2021-10-10 10:00:00,False,2021-2022,3.25,0.29652271118732576,0.9636988113588087
UD San Sebastián de los Reyes,DUX Internacional de Madrid,3,spain primera-rfef,2021-10-10 10:00:00,True,2021-2022,2.31,0.4190570106637799,0.9680216946333317
UD San Sebastián de los Reyes,DUX Internacional de Madrid,0,spain primera-rfef,2021-10-10 10:00:00,False,2021-2022,3.1,0.2572397555971918,0.7974432423512946
UD San Sebastián de los Reyes,DUX Internacional de Madrid,1,spain primera-rfef,2021-10-10 10:00:00,False,2021-2022,3.07,0.3237032337390282,0.9937689275788165
Zamora CF,CF Rayo Majadahonda,3,spain primera-rfef,2021-10-10 10:00:00,False,2021-2022,2.47,0.3563201407560957,0.8801107476675565
Zamora CF,CF Rayo Majadahonda,0,spain primera-rfef,2021-10-10 10:00:00,True,2021-2022,2.89,0.3181189353878044,0.9193637232707548
Zamora CF,CF Rayo Majadahonda,1,spain primera-rfef,2021-10-10 10:00:00,False,2021-2022,3.04,0.32556092385609997,0.989705208522544
Atlético Sanluqueño,CD Alcoyano,3,spain primera-rfef,2021-10-10 10:00:00,False,2021-2022,2.54,0.3558091686966029,0.9037552884893714
Atlético Sanluqueño,CD Alcoyano,0,spain primera-rfef,2021-10-10 10:00:00,False,2021-2022,2.97,0.3004883244682382,0.8924503236706675
Atlético Sanluqueño,CD Alcoyano,1,spain primera-rfef,2021-10-10 10:00:00,True,2021-2022,2.85,0.34370250683515885,0.9795521444802028
Atlético Baleares,Linares Deportivo,3,spain primera-rfef,2021-10-10 10:00:00,False,2021-2022,1.81,0.5378552269289918,0.9735179607414751
Atlético Baleares,Linares Deportivo,0,spain primera-rfef,2021-10-10 10:00:00,False,2021-2022,4.53,0.17017312652027425,0.7708842631368424
Atlético Baleares,Linares Deportivo,1,spain primera-rfef,2021-10-10 10:00:00,True,2021-2022,3.29,0.29197164655073393,0.9605867171519147
Rio Ave FC,UD Vilafranquense,3,portugal liga-portugal-2,2021-10-10 10:00:00,True,2021-2022,1.43,0.6476947734409364,0.926203526020539
Rio Ave FC,UD Vilafranquense,0,portugal liga-portugal-2,2021-10-10 10:00:00,False,2021-2022,6.53,0.13348218969973932,0.8716386987392978
Rio Ave FC,UD Vilafranquense,1,portugal liga-portugal-2,2021-10-10 10:00:00,False,2021-2022,4.66,0.2188230368593243,1.0197153517644513
Real Sociedad B,SD Ponferradina,3,spain laliga2,2021-10-10 12:00:00,False,2021-2022,2.53,0.37547246133565987,0.9499453271792194
Real Sociedad B,SD Ponferradina,0,spain laliga2,2021-10-10 12:00:00,False,2021-2022,2.99,0.3120800787230838,0.9331194353820206
Real Sociedad B,SD Ponferradina,1,spain laliga2,2021-10-10 12:00:00,True,2021-2022,3.09,0.31244745994125644,0.9654626512184824
UC AlbinoLeffe,AC Renate,3,italy serie-c,2021-10-10 12:30:00,False,2021-2022,2.3,0.4253191455403926,0.9782340347429028
UC AlbinoLeffe,AC Renate,0,italy serie-c,2021-10-10 12:30:00,True,2021-2022,3.36,0.24994003336257373,0.8397985120982477
UC AlbinoLeffe,AC Renate,1,italy serie-c,2021-10-10 12:30:00,False,2021-2022,2.89,0.3247408210970338,0.9385009729704277
FC Südtirol,AS Giana Erminio,3,italy serie-c,2021-10-10 12:30:00,False,2021-2022,1.56,0.6132439509699471,0.9566605635131176
FC Südtirol,AS Giana Erminio,0,italy serie-c,2021-10-10 12:30:00,False,2021-2022,5.91,0.14632818579862106,0.8647995780698504
FC Südtirol,AS Giana Erminio,1,italy serie-c,2021-10-10 12:30:00,True,2021-2022,3.69,0.24042786323143187,0.8871788153239836
Pro Sesto 1913,Aurora Pro Patria,3,italy serie-c,2021-10-10 12:30:00,False,2021-2022,2.92,0.30634310437193324,0.894521864766045
Pro Sesto 1913,Aurora Pro Patria,0,italy serie-c,2021-10-10 12:30:00,False,2021-2022,2.51,0.36762996824115846,0.9227512202853076
Pro Sesto 1913,Aurora Pro Patria,1,italy serie-c,2021-10-10 12:30:00,True,2021-2022,2.95,0.3260269273869082,0.9617794357913793
FC Legnago Salus,US Pergolettese 1932,3,italy serie-c,2021-10-10 12:30:00,True,2021-2022,2.43,0.3811914717048124,0.9262952762426941
FC Legnago Salus,US Pergolettese 1932,0,italy serie-c,2021-10-10 12:30:00,False,2021-2022,3.04,0.3050628564618233,0.9273910836439428
FC Legnago Salus,US Pergolettese 1932,1,italy serie-c,2021-10-10 12:30:00,False,2021-2022,2.96,0.31374567183336427,0.9286871886267583
Cesena FC,US Ancona,3,italy serie-c,2021-10-10 12:30:00,True,2021-2022,2.07,0.46173665442309336,0.9557948746558032
Cesena FC,US Ancona,0,italy serie-c,2021-10-10 12:30:00,False,2021-2022,3.56,0.22614849921161556,0.8050886571933514
Cesena FC,US Ancona,1,italy serie-c,2021-10-10 12:30:00,False,2021-2022,3.17,0.312114846365291,0.9894040629779726
AC Trento,US Fiorenzuola 1922,3,italy serie-c,2021-10-10 12:30:00,True,2021-2022,2.11,0.46483053765772375,0.9807924344577971
AC Trento,US Fiorenzuola 1922,0,italy serie-c,2021-10-10 12:30:00,False,2021-2022,3.43,0.2321103960013678,0.7961386582846915
AC Trento,US Fiorenzuola 1922,1,italy serie-c,2021-10-10 12:30:00,False,2021-2022,3.16,0.3030590663409085,0.957666649637271
Lucchese 1905,Vis Pesaro dal 1898,3,italy serie-c,2021-10-10 12:30:00,False,2021-2022,2.39,0.3540200452427354,0.8461079081301376
Lucchese 1905,Vis Pesaro dal 1898,0,italy serie-c,2021-10-10 12:30:00,True,2021-2022,2.9,0.3261392801299642,0.9458039123768961
Lucchese 1905,Vis Pesaro dal 1898,1,italy serie-c,2021-10-10 12:30:00,False,2021-2022,3.15,0.31984067462730054,1.0074981250759967
Virtusvecomp Verona,US Triestina,3,italy serie-c,2021-10-10 12:30:00,False,2021-2022,2.99,0.2921476920482655,0.8735215992243139
Virtusvecomp Verona,US Triestina,0,italy serie-c,2021-10-10 12:30:00,False,2021-2022,2.5,0.38517520277415623,0.9629380069353906
Virtusvecomp Verona,US Triestina,1,italy serie-c,2021-10-10 12:30:00,True,2021-2022,2.89,0.32267710517757836,0.9325368339632015
1913 Seregno Calcio,Mantova 1911,3,italy serie-c,2021-10-10 12:30:00,False,2021-2022,2.45,0.3815792513859113,0.9348691658954827
1913 Seregno Calcio,Mantova 1911,0,italy serie-c,2021-10-10 12:30:00,False,2021-2022,3.06,0.29248871563079687,0.8950154698302384
1913 Seregno Calcio,Mantova 1911,1,italy serie-c,2021-10-10 12:30:00,True,2021-2022,2.91,0.32593203298329176,0.948462215981379
SC Covilhã,CD Nacional,3,portugal liga-portugal-2,2021-10-10 13:00:00,False,2021-2022,3.26,0.3079248426505036,1.0038349870406418
SC Covilhã,CD Nacional,0,portugal liga-portugal-2,2021-10-10 13:00:00,False,2021-2022,2.3,0.3856379691768462,0.8869673291067461
SC Covilhã,CD Nacional,1,portugal liga-portugal-2,2021-10-10 13:00:00,True,2021-2022,3.09,0.30643718817265025,0.9468909114534892
FC Cartagena,UD Ibiza,3,spain laliga2,2021-10-10 14:00:00,True,2021-2022,2.88,0.3109103657284258,0.8954218532978663
FC Cartagena,UD Ibiza,0,spain laliga2,2021-10-10 14:00:00,False,2021-2022,2.65,0.3712042963361332,0.983691385290753
FC Cartagena,UD Ibiza,1,spain laliga2,2021-10-10 14:00:00,False,2021-2022,3.05,0.31788533793544105,0.9695502807030951
CD Mafra,Casa Pia AC,3,portugal liga-portugal-2,2021-10-10 14:30:00,False,2021-2022,2.84,0.32739043494884107,0.9297888352547086
CD Mafra,Casa Pia AC,0,portugal liga-portugal-2,2021-10-10 14:30:00,False,2021-2022,2.47,0.37509955819598395,0.9264959087440804
CD Mafra,Casa Pia AC,1,portugal liga-portugal-2,2021-10-10 14:30:00,True,2021-2022,3.25,0.2975100068551749,0.9669075222793185
UD Logroñés,SD Logroñés,3,spain primera-rfef,2021-10-10 15:00:00,False,2021-2022,1.69,0.5259115306165414,0.8887904867419549
UD Logroñés,SD Logroñés,0,spain primera-rfef,2021-10-10 15:00:00,True,2021-2022,5.03,0.17885598937221495,0.8996456265422412
UD Logroñés,SD Logroñés,1,spain primera-rfef,2021-10-10 15:00:00,False,2021-2022,3.39,0.2952324800112437,1.000838107238116
FC Barcelona B,FC Andorra,3,spain primera-rfef,2021-10-10 15:00:00,True,2021-2022,2.3,0.39609326333613504,0.9110145056731105
FC Barcelona B,FC Andorra,0,spain primera-rfef,2021-10-10 15:00:00,False,2021-2022,3.15,0.2821358396087997,0.888727894767719
FC Barcelona B,FC Andorra,1,spain primera-rfef,2021-10-10 15:00:00,False,2021-2022,3.05,0.32177089705506523,0.9814012360179489
Racing Ferrol,CD Badajoz,3,spain primera-rfef,2021-10-10 15:00:00,False,2021-2022,2.6,0.35621503246320435,0.9261590844043314
Racing Ferrol,CD Badajoz,0,spain primera-rfef,2021-10-10 15:00:00,True,2021-2022,2.76,0.3193404905647741,0.8813797539587764
Racing Ferrol,CD Badajoz,1,spain primera-rfef,2021-10-10 15:00:00,False,2021-2022,2.97,0.32444447697202144,0.9636000966069037
Villarreal CF B,Sevilla Atlético,3,spain primera-rfef,2021-10-10 15:00:00,True,2021-2022,1.44,0.6477101853874857,0.9327026669579794
Villarreal CF B,Sevilla Atlético,0,spain primera-rfef,2021-10-10 15:00:00,False,2021-2022,6.76,0.14055446574248964,0.95014818841923
Villarreal CF B,Sevilla Atlético,1,spain primera-rfef,2021-10-10 15:00:00,False,2021-2022,4.22,0.2117353488700246,0.8935231722315038
US Viterbese 1908,US Grosseto 1912,3,italy serie-c,2021-10-10 15:30:00,False,2021-2022,2.1,0.42532503099129193,0.8931825650817131
US Viterbese 1908,US Grosseto 1912,0,italy serie-c,2021-10-10 15:30:00,True,2021-2022,3.61,0.26293184605310965,0.9491839642517258
US Viterbese 1908,US Grosseto 1912,1,italy serie-c,2021-10-10 15:30:00,False,2021-2022,3.06,0.31174312295559836,0.953933956244131
Paganese Calcio 1926,US Catanzaro,3,italy serie-c,2021-10-10 15:30:00,False,2021-2022,3.36,0.2730102219580974,0.9173143457792071
Paganese Calcio 1926,US Catanzaro,0,italy serie-c,2021-10-10 15:30:00,True,2021-2022,2.29,0.41045109867092183,0.939933015956411
Paganese Calcio 1926,US Catanzaro,1,italy serie-c,2021-10-10 15:30:00,False,2021-2022,2.88,0.3165386793709808,0.9116313965884246
SS Monopoli 1966,SS Città di Campobasso,3,italy serie-c,2021-10-10 15:30:00,False,2021-2022,2.02,0.46302354534597134,0.9353075615988621
SS Monopoli 1966,SS Città di Campobasso,0,italy serie-c,2021-10-10 15:30:00,True,2021-2022,3.52,0.24070687719991948,0.8472882077437166
SS Monopoli 1966,SS Città di Campobasso,1,italy serie-c,2021-10-10 15:30:00,False,2021-2022,3.3,0.2962695774541092,0.9776896055985603
Leixões SC,CD Feirense,3,portugal liga-portugal-2,2021-10-10 15:30:00,True,2021-2022,2.88,0.3272132992921528,0.9423743019614
Leixões SC,CD Feirense,0,portugal liga-portugal-2,2021-10-10 15:30:00,False,2021-2022,2.48,0.38051702008366983,0.9436822098075012
Leixões SC,CD Feirense,1,portugal liga-portugal-2,2021-10-10 15:30:00,False,2021-2022,3.19,0.2922696806241773,0.9323402811911256
Calcio Catania,SS Juve Stabia,3,italy serie-c,2021-10-10 15:30:00,True,2021-2022,2.46,0.36950449389748913,0.9089810549878232
Calcio Catania,SS Juve Stabia,0,italy serie-c,2021-10-10 15:30:00,False,2021-2022,2.94,0.32046082329615316,0.9421548204906903
Calcio Catania,SS Juve Stabia,1,italy serie-c,2021-10-10 15:30:00,False,2021-2022,2.99,0.31003468280635776,0.9270037015910098
Imolese Calcio 1919,Carrarese Calcio 1908,3,italy serie-c,2021-10-10 15:30:00,False,2021-2022,2.56,0.35141914574250843,0.8996330131008216
Imolese Calcio 1919,Carrarese Calcio 1908,0,italy serie-c,2021-10-10 15:30:00,True,2021-2022,2.75,0.33250527947230896,0.9143895185488496
Imolese Calcio 1919,Carrarese Calcio 1908,1,italy serie-c,2021-10-10 15:30:00,False,2021-2022,3.08,0.31607557478518256,0.9735127703383623
Taranto FC 1927,US Vibonese,3,italy serie-c,2021-10-10 15:30:00,False,2021-2022,2.05,0.4488086235257127,0.920057678227711
Taranto FC 1927,US Vibonese,0,italy serie-c,2021-10-10 15:30:00,False,2021-2022,3.58,0.2416961716735122,0.8652722945911737
Taranto FC 1927,US Vibonese,1,italy serie-c,2021-10-10 15:30:00,True,2021-2022,3.19,0.30949520480077514,0.9872897033144726
SSC Bari,SS Turris Calcio,3,italy serie-c,2021-10-10 15:30:00,True,2021-2022,1.58,0.6097635926239479,0.9634264763458377
SSC Bari,SS Turris Calcio,0,italy serie-c,2021-10-10 15:30:00,False,2021-2022,5.94,0.14641264689730074,0.8696911225699665
SSC Bari,SS Turris Calcio,1,italy serie-c,2021-10-10 15:30:00,False,2021-2022,3.59,0.24382376047875134,0.8753273001187173
Potenza Calcio,Fidelis Andria 2018,3,italy serie-c,2021-10-10 15:30:00,True,2021-2022,2.76,0.33818375301128734,0.9333871583111529
Potenza Calcio,Fidelis Andria 2018,0,italy serie-c,2021-10-10 15:30:00,False,2021-2022,2.72,0.3372788875905651,0.9173985742463372
Potenza Calcio,Fidelis Andria 2018,1,italy serie-c,2021-10-10 15:30:00,False,2021-2022,2.88,0.3245373593981476,0.9346675950666651
Palermo FC,Calcio Foggia 1920,3,italy serie-c,2021-10-10 15:30:00,True,2021-2022,2.19,0.4447359029500136,0.9739716274605297
Palermo FC,Calcio Foggia 1920,0,italy serie-c,2021-10-10 15:30:00,False,2021-2022,3.54,0.2577246091535202,0.9123451164034615
Palermo FC,Calcio Foggia 1920,1,italy serie-c,2021-10-10 15:30:00,False,2021-2022,2.94,0.29753948789646617,0.8747660944156105
Latina Calcio 1932,AZ Picerno,3,italy serie-c,2021-10-10 15:30:00,True,2021-2022,2.44,0.36369864331939483,0.8874246896993234
Latina Calcio 1932,AZ Picerno,0,italy serie-c,2021-10-10 15:30:00,False,2021-2022,3.16,0.31110145692812136,0.9830806038928636
Latina Calcio 1932,AZ Picerno,1,italy serie-c,2021-10-10 15:30:00,False,2021-2022,2.84,0.32519989975248387,0.9235677152970542
CF Fuenlabrada,CD Leganés,3,spain laliga2,2021-10-10 16:15:00,True,2021-2022,2.99,0.3321238838582726,0.9930504127362351
CF Fuenlabrada,CD Leganés,0,spain laliga2,2021-10-10 16:15:00,False,2021-2022,2.76,0.3320153827185262,0.9163624563031323
CF Fuenlabrada,CD Leganés,1,spain laliga2,2021-10-10 16:15:00,False,2021-2022,2.82,0.3358607334232012,0.9471272682534274
AD Alcorcón,Burgos CF,3,spain laliga2,2021-10-10 16:15:00,True,2021-2022,2.56,0.3658116480911768,0.9364778191134125
AD Alcorcón,Burgos CF,0,spain laliga2,2021-10-10 16:15:00,False,2021-2022,3.24,0.286316781245508,0.927666371235446
AD Alcorcón,Burgos CF,1,spain laliga2,2021-10-10 16:15:00,False,2021-2022,2.83,0.3478715706633152,0.9844765449771821
CD Tenerife,SD Amorebieta,3,spain laliga2,2021-10-10 16:15:00,True,2021-2022,1.55,0.5983871963880479,0.9275001544014744
CD Tenerife,SD Amorebieta,0,spain laliga2,2021-10-10 16:15:00,False,2021-2022,7.08,0.15309798597182106,1.0839337406804932
CD Tenerife,SD Amorebieta,1,spain laliga2,2021-10-10 16:15:00,False,2021-2022,3.79,0.24851481764013095,0.9418711588560963
GD Chaves,FC Penafiel,3,portugal liga-portugal-2,2021-10-10 18:00:00,True,2021-2022,2.15,0.4232210980245447,0.9099253607527711
GD Chaves,FC Penafiel,0,portugal liga-portugal-2,2021-10-10 18:00:00,False,2021-2022,3.26,0.2688765215070497,0.8765374601129821
GD Chaves,FC Penafiel,1,portugal liga-portugal-2,2021-10-10 18:00:00,False,2021-2022,3.39,0.3079023804684055,1.0437890697878947
CF Estrela Amadora SAD,Académico Viseu FC,3,portugal liga-portugal-2,2021-10-10 18:30:00,True,2021-2022,2.24,0.3873519820454598,0.8676684397818301
CF Estrela Amadora SAD,Académico Viseu FC,0,portugal liga-portugal-2,2021-10-10 18:30:00,False,2021-2022,3.08,0.30402258409266486,0.9363895590054078
CF Estrela Amadora SAD,Académico Viseu FC,1,portugal liga-portugal-2,2021-10-10 18:30:00,False,2021-2022,3.3,0.3086254338618754,1.0184639317441888
Bourg-en-Bresse Péronnas 01,CS Sedan-Ardennes,3,france national,2021-10-11 18:45:00,False,2021-2022,1.55,0.5964799111879805,0.9245438623413698
Bourg-en-Bresse Péronnas 01,CS Sedan-Ardennes,0,france national,2021-10-11 18:45:00,False,2021-2022,6.58,0.14758460571164597,0.9711067055826305
Bourg-en-Bresse Péronnas 01,CS Sedan-Ardennes,1,france national,2021-10-11 18:45:00,True,2021-2022,3.56,0.25593548310037356,0.91113031983733
Virtus Entella,Delfino Pescara 1936,3,italy serie-c,2021-10-11 19:00:00,False,2021-2022,2.77,0.3463086879188837,0.9592750655353078
Virtus Entella,Delfino Pescara 1936,0,italy serie-c,2021-10-11 19:00:00,False,2021-2022,2.53,0.3455415696497785,0.8742201712139396
Virtus Entella,Delfino Pescara 1936,1,italy serie-c,2021-10-11 19:00:00,True,2021-2022,3.07,0.3081497424313377,0.9460197092642066
Real Zaragoza,SD Huesca,3,spain laliga2,2021-10-11 19:00:00,False,2021-2022,2.05,0.4866407964361088,0.9976136326940229
Real Zaragoza,SD Huesca,0,spain laliga2,2021-10-11 19:00:00,False,2021-2022,4.08,0.22044354720827442,0.8994096726097597
Real Zaragoza,SD Huesca,1,spain laliga2,2021-10-11 19:00:00,True,2021-2022,3.15,0.2929156563556168,0.9226843175201929
Plymouth Argyle,Swindon Town,3,england efl-trophy,2021-10-12 18:00:00,False,2021-2022,1.67,0.5806892805974037,0.9697510985976641
Plymouth Argyle,Swindon Town,0,england efl-trophy,2021-10-12 18:00:00,True,2021-2022,4.53,0.17282976560044894,0.7829188381700337
Plymouth Argyle,Swindon Town,1,england efl-trophy,2021-10-12 18:00:00,False,2021-2022,3.98,0.24648095380214738,0.9809941961325466
Forest Green Rovers,Brighton U21,3,england efl-trophy,2021-10-12 18:00:00,False,2021-2022,2.22,0.4728711246983813,1.0497738968304064
Forest Green Rovers,Brighton U21,0,england efl-trophy,2021-10-12 18:00:00,False,2021-2022,2.95,0.26548590657311005,0.7831834243906747
Forest Green Rovers,Brighton U21,1,england efl-trophy,2021-10-12 18:00:00,True,2021-2022,3.55,0.2616429687285087,0.9288325389862058
Newport County,Arsenal U21,3,england efl-trophy,2021-10-12 18:00:00,False,2021-2022,2.17,0.4979311450858386,1.0805105848362697
Newport County,Arsenal U21,0,england efl-trophy,2021-10-12 18:00:00,True,2021-2022,3.13,0.24116040814312853,0.7548320774879923
Newport County,Arsenal U21,1,england efl-trophy,2021-10-12 18:00:00,False,2021-2022,3.43,0.260908446771033,0.8949159724246432
Boston United,AFC Telford United,3,england national-league-n/s,2021-10-12 18:45:00,True,2021-2022,1.46,0.6163404519214409,0.8998570598053037
Boston United,AFC Telford United,0,england national-league-n/s,2021-10-12 18:45:00,False,2021-2022,6.39,0.1648466344841348,1.0533699943536214
Boston United,AFC Telford United,1,england national-league-n/s,2021-10-12 18:45:00,False,2021-2022,4.28,0.21881291359442434,0.9365192701841363
Portsmouth FC,Sutton United,3,england efl-trophy,2021-10-12 18:45:00,False,2021-2022,1.93,0.5044482987105575,0.973585216511376
Portsmouth FC,Sutton United,0,england efl-trophy,2021-10-12 18:45:00,True,2021-2022,3.63,0.22068542294988064,0.8010880853080667
Portsmouth FC,Sutton United,1,england efl-trophy,2021-10-12 18:45:00,False,2021-2022,3.61,0.27486627833956184,0.9922672648058182
Yeovil Town,Altrincham FC,3,england national-league,2021-10-12 18:45:00,False,2021-2022,2.22,0.4023609719477199,0.8932413577239383
Yeovil Town,Altrincham FC,0,england national-league,2021-10-12 18:45:00,False,2021-2022,3.08,0.2922356741696177,0.9000858764424225
Yeovil Town,Altrincham FC,1,england national-league,2021-10-12 18:45:00,True,2021-2022,3.55,0.30540335388266243,1.0841819062834517
FK Krasnodar 2,Torpedo Moscow,3,russia fnl,2021-10-13 12:00:00,False,2021-2022,3.11,0.29840253106427483,0.9280318716098946
FK Krasnodar 2,Torpedo Moscow,0,russia fnl,2021-10-13 12:00:00,False,2021-2022,2.3,0.3933934645259523,0.9048049684096903
FK Krasnodar 2,Torpedo Moscow,1,russia fnl,2021-10-13 12:00:00,True,2021-2022,3.12,0.30820400440977286,0.9615964937584913
FK Orenburg,Tekstilshchik Ivanovo,3,russia fnl,2021-10-13 13:00:00,True,2021-2022,1.2,0.6935383324251809,0.8322459989102171
FK Orenburg,Tekstilshchik Ivanovo,0,russia fnl,2021-10-13 13:00:00,False,2021-2022,13.1,0.1152262139449203,1.509463402678456
FK Orenburg,Tekstilshchik Ivanovo,1,russia fnl,2021-10-13 13:00:00,False,2021-2022,6.24,0.19123545362989872,1.193309230650568
Fakel Voronezh,SKA Khabarovsk,3,russia fnl,2021-10-13 14:00:00,False,2021-2022,1.58,0.5706264048223637,0.9015897196193347
Fakel Voronezh,SKA Khabarovsk,0,russia fnl,2021-10-13 14:00:00,True,2021-2022,5.59,0.16506242972450008,0.9226989821599554
Fakel Voronezh,SKA Khabarovsk,1,russia fnl,2021-10-13 14:00:00,False,2021-2022,3.79,0.26431116545313627,1.0017393170673865
Metallurg Lipetsk,Veles Moscow,3,russia fnl,2021-10-13 14:30:00,True,2021-2022,5.97,0.21906449276810913,1.3078150218256115
Metallurg Lipetsk,Veles Moscow,0,russia fnl,2021-10-13 14:30:00,False,2021-2022,1.52,0.5486733327382468,0.8339834657621351
Metallurg Lipetsk,Veles Moscow,1,russia fnl,2021-10-13 14:30:00,False,2021-2022,3.98,0.23226217449364403,0.9244034544847033
CD Ebro,CD Izarra,3,spain copa-federacion,2021-10-13 15:00:00,True,2021-2022,2.16,0.40563530517333163,0.8761722591743963
CD Ebro,CD Izarra,0,spain copa-federacion,2021-10-13 15:00:00,False,2021-2022,3.32,0.2757952530317854,0.9156402400655276
CD Ebro,CD Izarra,1,spain copa-federacion,2021-10-13 15:00:00,False,2021-2022,3.23,0.31856944179488295,1.0289792969974718
Neftekhimik Nizhnekamsk,Spartak 2 Moscow ( -2022),3,russia fnl,2021-10-13 15:00:00,True,2021-2022,1.56,0.5946318019553519,0.927625611050349
Neftekhimik Nizhnekamsk,Spartak 2 Moscow ( -2022),0,russia fnl,2021-10-13 15:00:00,False,2021-2022,5.46,0.1637109063302517,0.8938615485631743
Neftekhimik Nizhnekamsk,Spartak 2 Moscow ( -2022),1,russia fnl,2021-10-13 15:00:00,False,2021-2022,4.07,0.2416572917143964,0.9835451772775934
Penya Deportiva Santa Eulalia,Lleida,3,spain copa-federacion,2021-10-13 15:00:00,False,2021-2022,1.79,0.5505334036453223,0.985454792525127
Penya Deportiva Santa Eulalia,Lleida,0,spain copa-federacion,2021-10-13 15:00:00,True,2021-2022,4.37,0.19569553969323394,0.8551895084594323
Penya Deportiva Santa Eulalia,Lleida,1,spain copa-federacion,2021-10-13 15:00:00,False,2021-2022,3.51,0.2537710566614437,0.8907364088816673
Akron Togliatti,Alania Vladikavkaz,3,russia fnl,2021-10-13 15:00:00,True,2021-2022,5.17,0.1996139580091318,1.0320041629072114
Akron Togliatti,Alania Vladikavkaz,0,russia fnl,2021-10-13 15:00:00,False,2021-2022,1.55,0.5494009951313215,0.8515715424535483
Akron Togliatti,Alania Vladikavkaz,1,russia fnl,2021-10-13 15:00:00,False,2021-2022,4.2,0.2509850468595468,1.0541371968100968
KamAZ Naberezhnye Chelny,Enisey Krasnoyarsk,3,russia fnl,2021-10-13 15:00:00,False,2021-2022,2.88,0.3208572788575399,0.9240689631097149
KamAZ Naberezhnye Chelny,Enisey Krasnoyarsk,0,russia fnl,2021-10-13 15:00:00,False,2021-2022,2.45,0.37187134617211043,0.9110847981216706
KamAZ Naberezhnye Chelny,Enisey Krasnoyarsk,1,russia fnl,2021-10-13 15:00:00,True,2021-2022,3.16,0.30727137497034956,0.9709775449063046
Rotor Volgograd,Kuban Krasnodar,3,russia fnl,2021-10-13 15:30:00,False,2021-2022,1.39,0.6466255488673418,0.8988095129256051
Rotor Volgograd,Kuban Krasnodar,0,russia fnl,2021-10-13 15:30:00,True,2021-2022,7.99,0.13786223122935304,1.1015192275225307
Rotor Volgograd,Kuban Krasnodar,1,russia fnl,2021-10-13 15:30:00,False,2021-2022,4.37,0.21551221990330519,0.9417884009774437
CD Guijuelo,CDA Navalcarnero,3,spain copa-federacion,2021-10-13 17:00:00,True,2021-2022,3.07,0.29910409081442896,0.9182495588002969
CD Guijuelo,CDA Navalcarnero,0,spain copa-federacion,2021-10-13 17:00:00,False,2021-2022,2.36,0.4039030548723424,0.9532112094987281
CD Guijuelo,CDA Navalcarnero,1,spain copa-federacion,2021-10-13 17:00:00,False,2021-2022,3.1,0.29699285431322875,0.9206778483710092
Real Aviles,Racing Santander,3,spain copa-federacion,2021-10-13 18:00:00,False,2021-2022,3.88,0.1746150932538682,0.6775065618250086
Real Aviles,Racing Santander,0,spain copa-federacion,2021-10-13 18:00:00,False,2021-2022,1.89,0.6103121480112832,1.1534899597413253
Real Aviles,Racing Santander,1,spain copa-federacion,2021-10-13 18:00:00,True,2021-2022,3.53,0.21507275873484855,0.7592068383340154
Gimnástica Torrelavega,SD Leioa,3,spain copa-federacion,2021-10-13 18:00:00,False,2021-2022,1.96,0.4793687344860591,0.9395627195926758
Gimnástica Torrelavega,SD Leioa,0,spain copa-federacion,2021-10-13 18:00:00,True,2021-2022,3.67,0.23454945778722017,0.860796510079098
Gimnástica Torrelavega,SD Leioa,1,spain copa-federacion,2021-10-13 18:00:00,False,2021-2022,3.44,0.28608180772672076,0.9841214185799194
Bristol Rovers,Chelsea U21,3,england efl-trophy,2021-10-13 18:00:00,False,2021-2022,2.24,0.4692667763221575,1.051157578961633
Bristol Rovers,Chelsea U21,0,england efl-trophy,2021-10-13 18:00:00,True,2021-2022,2.72,0.28125381741331446,0.7650103833642153
Bristol Rovers,Chelsea U21,1,england efl-trophy,2021-10-13 18:00:00,False,2021-2022,3.83,0.24947940626452814,0.9555061259931428
Torremolinos,Córdoba CF,3,spain copa-federacion,2021-10-13 18:00:00,False,2021-2022,3.28,0.22937397440584878,0.7523466360511839
Torremolinos,Córdoba CF,0,spain copa-federacion,2021-10-13 18:00:00,True,2021-2022,2.13,0.5284390833512559,1.125575247538175
Torremolinos,Córdoba CF,1,spain copa-federacion,2021-10-13 18:00:00,False,2021-2022,3.35,0.2421869422428953,0.8113262565136993
Sunderland AFC,Manchester Utd U21,3,england efl-trophy,2021-10-13 18:00:00,True,2021-2022,1.94,0.545477595342165,1.0582265349638
Sunderland AFC,Manchester Utd U21,0,england efl-trophy,2021-10-13 18:00:00,False,2021-2022,2.96,0.22452235278339835,0.6645861642388591
Sunderland AFC,Manchester Utd U21,1,england efl-trophy,2021-10-13 18:00:00,False,2021-2022,4.13,0.23000005187443667,0.9499002142414235
Yeclano Deportivo,Xerez CD,3,spain copa-federacion,2021-10-13 18:15:00,False,2021-2022,2.45,0.4065653953953892,0.9960852187187037
Yeclano Deportivo,Xerez CD,0,spain copa-federacion,2021-10-13 18:15:00,True,2021-2022,2.79,0.31493233887794836,0.8786612254694759
Yeclano Deportivo,Xerez CD,1,spain copa-federacion,2021-10-13 18:15:00,False,2021-2022,3.23,0.2785022657266624,0.8995623182971196
Mérida AD,Moralo,3,spain copa-federacion,2021-10-13 18:30:00,False,2021-2022,2.72,0.36213353346731575,0.9850032110310989
Mérida AD,Moralo,0,spain copa-federacion,2021-10-13 18:30:00,True,2021-2022,2.65,0.3580020558884748,0.9487054481044581
Mérida AD,Moralo,1,spain copa-federacion,2021-10-13 18:30:00,False,2021-2022,3.04,0.27986441064420947,0.8507878083583968
